"variable","completeness","validity","uniqueness","year"
"sector",0.763359461834448,1,20,2010
"sector",0.793128088866436,1,20,2011
"sector",0.784211357772077,1,20,2012
"sector",0.758557925556753,1,20,2013
"sector",0.778609726457124,1,20,2014
"sector",0.807667878977714,1,20,2015
"sector",0.809899340189514,1,20,2016
"sector",0.811998631075221,1,20,2017
"sector",0.769662015668131,1,20,2018
"sector",0.769019683419618,1,20,2019
