"variable","completeness","validity","uniqueness","year"
"sector",0.763291469831854,1,20,2010
"sector",0.793092921647644,1,20,2011
"sector",0.78417340046638,1,20,2012
"sector",0.75851178934869,1,20,2013
"sector",0.778571121723033,1,20,2014
"sector",0.807645835508926,1,20,2015
"sector",0.809877862830052,1,20,2016
"sector",0.811964665694222,1,20,2017
"sector",0.769632772123923,1,20,2018
"sector",0.769011019824367,1,20,2019
